productId,amazonId,imageUrl
1347,B00186LVO4,https://images-cn-4.ssl-images-amazon.com/images/I/31QUM6HycPL._SY300_QL70_.jpg
2263,B005DVVOUG,https://images-cn-4.ssl-images-amazon.com/images/I/41mv2FmlLjL._SX300_QL70_.jpg
3982,B009EJN4T2,https://images-cn-4.ssl-images-amazon.com/images/I/31QPvUDNavL._SY300_QL70_.jpg
5917,B001AVZHVU,"https://images-cn-4.ssl-images-amazon.com/images/I/51%2BAfFkgxKL._SX258_BO1,204,203,200_QL70_.jpg"
6425,B002C1AUTG,https://images-cn-4.ssl-images-amazon.com/images/I/41-QAxhZ6aL._SY300_QL70_.jpg
6797,B002TKLK0S,https://images-cn-4.ssl-images-amazon.com/images/I/415UjOLnBML._SY300_QL70_.jpg
7446,B003WEAQ1O,https://images-cn-4.ssl-images-amazon.com/images/I/51M4iDmm14L._SY300_QL70_.jpg
8006,B004OA7J1K,https://images-cn-4.ssl-images-amazon.com/images/I/51DQJ5R9I6L._SY300_QL70_.jpg
8195,B004W5MVL0,https://images-cn-4.ssl-images-amazon.com/images/I/41zUS3RjvRL._SY300_QL70_.jpg
10948,B0010MG6VE,https://images-cn-4.ssl-images-amazon.com/images/I/41NhpkJFQsL._SY300_QL70_.jpg
12019,B0011F9UUO,"https://images-cn-4.ssl-images-amazon.com/images/I/41SPlULRxyL._SY344_BO1,204,203,200_QL70_.jpg"
12510,B001HL0R8Q,"https://images-cn-4.ssl-images-amazon.com/images/I/510kdlR%2BN-L._SY344_BO1,204,203,200_QL70_.jpg"
13316,B003TJ99M4,https://images-cn-4.ssl-images-amazon.com/images/I/41nIbzEKQCL._SY300_QL70_.jpg
13329,B003U6GP32,https://images-cn-4.ssl-images-amazon.com/images/I/319CJAtgRhL._SX300_QL70_.jpg
13543,B0047Y19CI,"https://images-cn-4.ssl-images-amazon.com/images/I/51RCZJf9vSL._SY344_BO1,204,203,200_QL70_.jpg"
14103,B007WTAJTO,https://images-cn-4.ssl-images-amazon.com/images/I/41mU1iHKkkL._SX300_QL70_.jpg
15010,B00BWL5KRY,https://images-cn-4.ssl-images-amazon.com/images/I/31OIQpMzbmL._SY300_QL70_.jpg
15388,B00DGMU4VY,https://images-cn-4.ssl-images-amazon.com/images/I/413AEYrldgL._SY300_QL70_.jpg
17453,B003YXYPMY,https://images-cn-4.ssl-images-amazon.com/images/I/41vphvmJHzL._SY300_QL70_.jpg
17952,B004QF0UZA,https://images-cn-4.ssl-images-amazon.com/images/I/41WLD7vn4LL._SY300_QL70_.jpg
21604,184317569X,"https://images-cn-4.ssl-images-amazon.com/images/I/41pbPw2udfL._SY344_BO1,204,203,200_QL70_.jpg"
21634,B0010LDOUG,https://images-cn-4.ssl-images-amazon.com/images/I/41YGWcdfFRL._SY300_QL70_.jpg
21641,B0010MAVBU,https://images-cn-4.ssl-images-amazon.com/images/I/51CgURHFLyL._SY300_QL70_.jpg
21643,B0010MBKHO,https://images-cn-4.ssl-images-amazon.com/images/I/41%2B4D64-AEL._SY300_QL70_.jpg
24064,B003TJ99LU,https://images-cn-4.ssl-images-amazon.com/images/I/41UpBUTjZ2L._SY300_QL70_.jpg
24366,B0044KME2E,"https://images-cn-4.ssl-images-amazon.com/images/I/51K9lVPu0fL._SX258_BO1,204,203,200_QL70_.jpg"
26554,0140373373,"https://images-cn-4.ssl-images-amazon.com/images/I/51GXDd69U5L._SY344_BO1,204,203,200_QL70_.jpg"
26744,B0010LD9G0,https://images-cn-4.ssl-images-amazon.com/images/I/31z3mCQtPOL._SX300_QL70_.jpg
26752,B0010MA3Q8,https://images-cn-4.ssl-images-amazon.com/images/I/41f0KOOv%2BvL._SY300_QL70_.jpg
27352,B0011C02YK,"https://images-cn-4.ssl-images-amazon.com/images/I/41HyXVKRweL._SY344_BO1,204,203,200_QL70_.jpg"
28787,B005CPGHAA,https://images-cn-4.ssl-images-amazon.com/images/I/31%2B6U1krF5L._SY300_QL70_.jpg
29738,B007XZM6VG,https://images-cn-4.ssl-images-amazon.com/images/I/51zb5ypT2iL._SY300_QL70_.jpg
32512,B001GNBOTG,https://images-cn-4.ssl-images-amazon.com/images/I/41KDlN3n7-L._SY300_QL70_.jpg
33736,B003M6AJZA,"https://images-cn-4.ssl-images-amazon.com/images/I/51rVxKSZegL._SY344_BO1,204,203,200_QL70_.jpg"
33864,B003STDEG2,https://images-cn-4.ssl-images-amazon.com/images/I/41Aej5QYV0L._SY300_QL70_.jpg
36768,B00E18ZU16,https://images-cn-4.ssl-images-amazon.com/images/I/41OdVV9y7iL._SY300_QL70_.jpg
39195,B001TK34P8,https://images-cn-4.ssl-images-amazon.com/images/I/41TFl0syNOL._SX300_QL70_.jpg
40890,B009EJMVX2,https://images-cn-4.ssl-images-amazon.com/images/I/31iOos6K-8L._SY300_QL70_.jpg
42768,B00116K2W8,"https://images-cn-4.ssl-images-amazon.com/images/I/513LXSy0IlL._SY344_BO1,204,203,200_QL70_.jpg"
43564,B003GISSTI,"https://images-cn-4.ssl-images-amazon.com/images/I/51TSxpkOgeL._SY344_BO1,204,203,200_QL70_.jpg"
43712,B003STDEFS,https://images-cn-4.ssl-images-amazon.com/images/I/41AOeS3tHHL._SY300_QL70_.jpg
44692,B0058FCJAQ,https://images-cn-4.ssl-images-amazon.com/images/I/51aFtxPAAKL._SY300_QL70_.jpg
45197,B005WOAKW2,"https://images-cn-4.ssl-images-amazon.com/images/I/51Yb6ENRaHL._SY344_BO1,204,203,200_QL70_.jpg"
46607,B0093FAU7Q,https://images-cn-4.ssl-images-amazon.com/images/I/41PMBC60wfL._SY300_QL70_.jpg
46771,B009ZP2S60,https://images-cn-4.ssl-images-amazon.com/images/I/51Ewzgvno4L._SY300_QL70_.jpg
47095,B00AZG2II6,https://images-cn-4.ssl-images-amazon.com/images/I/41sIACmvyZL._SY300_QL70_.jpg
48907,B001CC1VVC,https://images-cn-4.ssl-images-amazon.com/images/I/41CztXe4GrL._SY300_QL70_.jpg
49616,B002CU9V7Y,"https://images-cn-4.ssl-images-amazon.com/images/I/41VMhY7SgNL._SY344_BO1,204,203,200_QL70_.jpg"
49999,B0032UWZ1W,"https://images-cn-4.ssl-images-amazon.com/images/I/514icA1W%2BzL._SX258_BO1,204,203,200_QL70_.jpg"
53093,B0010L7X3A,https://images-cn-4.ssl-images-amazon.com/images/I/41yawUf8aFL._SY300_QL70_.jpg
56584,B008OOZD5G,"https://images-cn-4.ssl-images-amazon.com/images/I/41GM3inVR9L._SY344_BO1,204,203,200_QL70_.jpg"
56918,B009NBV20O,"https://images-cn-4.ssl-images-amazon.com/images/I/51eMrt3CHGL._SY344_BO1,204,203,200_QL70_.jpg"
57272,B00AQT8SPE,"https://images-cn-4.ssl-images-amazon.com/images/I/51gKCDBk5WL._SY344_BO1,204,203,200_QL70_.jpg"
58775,B001CZNPTK,https://images-cn-4.ssl-images-amazon.com/images/I/417EN5XI%2BEL._SY300_QL70_.jpg
59199,B002AO8LRS,"https://images-cn-4.ssl-images-amazon.com/images/I/41ONMhTf0LL._SY344_BO1,204,203,200_QL70_.jpg"
59605,B002TKLJZ4,https://images-cn-4.ssl-images-amazon.com/images/I/31fnQZOoebL._SX300_QL70_.jpg
60159,B003STDED0,https://images-cn-4.ssl-images-amazon.com/images/I/41oBZ4SKuZL._SY300_QL70_.jpg
62138,B007S9KS26,https://images-cn-4.ssl-images-amazon.com/images/I/41zV8SlYd2L._SY300_QL70_.jpg
63040,B00EDIPBZO,https://images-cn-4.ssl-images-amazon.com/images/G/28/kindle/merch/global/kindle-widget-photo._CB366222128_.jpg
64750,B0012M6VOY,"https://images-cn-4.ssl-images-amazon.com/images/I/31fnaNwdqfL._SY344_BO1,204,203,200_QL70_.jpg"
66003,B003V8AK58,https://images-cn-4.ssl-images-amazon.com/images/I/41gmpH48SIL._SY300_QL70_.jpg
67692,B00CHFE7RI,"https://images-cn-4.ssl-images-amazon.com/images/I/51I3gayJ5eL._SX258_BO1,204,203,200_QL70_.jpg"
68980,B0011BQ240,"https://images-cn-4.ssl-images-amazon.com/images/I/51c-nZ7NX7L._SX258_BO1,204,203,200_QL70_.jpg"
70941,B005HGR9YM,"https://images-cn-4.ssl-images-amazon.com/images/I/419Fgz5u9VL._SY344_BO1,204,203,200_QL70_.jpg"
71354,B0069JJIHM,https://images-cn-4.ssl-images-amazon.com/images/I/41QzIoY5jqL._SY300_QL70_.jpg
71712,B007A9VZB2,"https://images-cn-4.ssl-images-amazon.com/images/I/51HPGNBTOML._SX258_BO1,204,203,200_QL70_.jpg"
75389,B0026ZP5TI,"https://images-cn-4.ssl-images-amazon.com/images/I/41GCK9R93nL._SY344_BO1,204,203,200_QL70_.jpg"
75596,B002GLW87O,"https://images-cn-4.ssl-images-amazon.com/images/I/51Z-hrpBvJL._SY344_BO1,204,203,200_QL70_.jpg"
75636,B002JPKC48,https://images-cn-4.ssl-images-amazon.com/images/I/41r5SQfN-2L._SY300_QL70_.jpg
75701,B002NX0H3C,"https://images-cn-4.ssl-images-amazon.com/images/I/41yOWkivkKL._SX258_BO1,204,203,200_QL70_.jpg"
77623,B00863C8L2,"https://images-cn-4.ssl-images-amazon.com/images/I/41Un1aNpddL._SY344_BO1,204,203,200_QL70_.jpg"
78093,B00CJRXTPU,"https://images-cn-4.ssl-images-amazon.com/images/I/61rZVTqyqQL._SY344_BO1,204,203,200_QL70_.jpg"
79624,B0011C4Z9I,"https://images-cn-4.ssl-images-amazon.com/images/I/4162L6M0w1L._SY344_BO1,204,203,200_QL70_.jpg"
80657,B004HFQLWK,https://images-cn-4.ssl-images-amazon.com/images/I/41Oazs-corL._SY300_QL70_.jpg
80981,B005EPMITM,"https://images-cn-4.ssl-images-amazon.com/images/I/418fWfXyPiL._SY344_BO1,204,203,200_QL70_.jpg"
85873,B003JTI0YW,"https://images-cn-4.ssl-images-amazon.com/images/I/41N9CpllP%2BL._SY344_BO1,204,203,200_QL70_.jpg"
87086,B0053WTG9G,"https://images-cn-4.ssl-images-amazon.com/images/I/51lRvB5boYL._SY344_BO1,204,203,200_QL70_.jpg"
87217,B0058SXRP4,"https://images-cn-4.ssl-images-amazon.com/images/I/51RwvOdXXfL._SY344_BO1,204,203,200_QL70_.jpg"
89326,0141024038,"https://images-cn-4.ssl-images-amazon.com/images/I/41ykKmJkT9L._SY344_BO1,204,203,200_QL70_.jpg"
89515,1442346272,
90564,B0011F7CXQ,"https://images-cn-4.ssl-images-amazon.com/images/I/41QgGeshKaL._SY344_BO1,204,203,200_QL70_.jpg"
90605,B0011FA7RY,"https://images-cn-4.ssl-images-amazon.com/images/I/51E8rM17Y9L._SX258_BO1,204,203,200_QL70_.jpg"
90897,B0018LW0TE,https://images-cn-4.ssl-images-amazon.com/images/I/41tHdnLVN1L._SY300_QL70_.jpg
91169,B001IKK4K2,https://images-cn-4.ssl-images-amazon.com/images/I/41tAiOXeQVL._SY300_QL70_.jpg
96172,B004FPI9SQ,https://images-cn-4.ssl-images-amazon.com/images/I/41vWv8aTdWL._SX300_QL70_.jpg
97073,B005GNHD1A,"https://images-cn-4.ssl-images-amazon.com/images/I/61QL38NJqgL._SY344_BO1,204,203,200_QL70_.jpg"
98166,B007X93KIA,"https://images-cn-4.ssl-images-amazon.com/images/I/51cIAoNQ%2BUL._SY344_BO1,204,203,200_QL70_.jpg"
100335,B001173922,"https://images-cn-4.ssl-images-amazon.com/images/I/41HlgHEVacL._SY344_BO1,204,203,200_QL70_.jpg"
101056,B001D7LPPI,https://images-cn-4.ssl-images-amazon.com/images/I/41yWkvX0OFL._SY300_QL70_.jpg
102383,B003F25VPY,"https://images-cn-4.ssl-images-amazon.com/images/I/51FlI%2BU0TjL._SY344_BO1,204,203,200_QL70_.jpg"
102515,B003N64ODW,https://images-cn-4.ssl-images-amazon.com/images/I/51sf3qanVOL._SY300_QL70_.jpg
102886,B0043M5BKU,"https://images-cn-4.ssl-images-amazon.com/images/I/51QKIg6DjCL._SY344_BO1,204,203,200_QL70_.jpg"
104168,B00BSJVKTW,"https://images-cn-4.ssl-images-amazon.com/images/I/41Y3d7LHs8L._SX258_BO1,204,203,200_QL70_.jpg"
104398,B00DQLEPLK,https://images-cn-4.ssl-images-amazon.com/images/I/41pVvpTw%2ByL._SY300_QL70_.jpg
104694,B00FQOXI3G,https://images-cn-4.ssl-images-amazon.com/images/I/41MY3FVBFbL._SX300_QL70_.jpg
104944,B00IM3Z4CG,https://images-cn-4.ssl-images-amazon.com/images/I/418o6Si1X1L._SY300_QL70_.jpg
106819,B004CLZJHM,"https://images-cn-4.ssl-images-amazon.com/images/I/41UUPNqqSqL._SY344_BO1,204,203,200_QL70_.jpg"
107660,B006RPCZ6Y,"https://images-cn-4.ssl-images-amazon.com/images/I/41rZYxnKVeL._SY344_BO1,204,203,200_QL70_.jpg"
108671,B008PKCTN8,https://images-cn-4.ssl-images-amazon.com/images/I/31w0xCSK7SL._SY300_QL70_.jpg
109236,B00AE3BSSQ,https://images-cn-4.ssl-images-amazon.com/images/I/51cQTMsG1%2BL._SY445_QL70_.jpg
109473,B00AZR7NSA,https://images-cn-4.ssl-images-amazon.com/images/I/41eIAC1wg6L._SY300_QL70_.jpg
109582,B00BBRJMY6,https://images-cn-4.ssl-images-amazon.com/images/I/41bhOmyEN4L._SY300_QL70_.jpg
110946,B001DSRCUO,"https://images-cn-4.ssl-images-amazon.com/images/I/518r4t7Ux9L._SY344_BO1,204,203,200_QL70_.jpg"
114037,B0062WDT7G,https://images-cn-4.ssl-images-amazon.com/images/I/41MY3FVBFbL._SX300_QL70_.jpg
114046,B0063CD1GO,https://images-cn-4.ssl-images-amazon.com/images/I/51wUqlM9F4L._SY300_QL70_.jpg
114733,B008H053LQ,https://images-cn-4.ssl-images-amazon.com/images/I/51fLI6bEDHL._SY445_QL70_.jpg
116405,B0011APV4I,"https://images-cn-4.ssl-images-amazon.com/images/I/51hEnkl-XtL._SY344_BO1,204,203,200_QL70_.jpg"
119166,B00815793M,https://images-cn-4.ssl-images-amazon.com/images/I/51D5llrlF7L._SY300_QL70_.jpg
121304,B00114A30G,"https://images-cn-4.ssl-images-amazon.com/images/I/51kxv9n17TL._SY344_BO1,204,203,200_QL70_.jpg"
121795,B001SDXJLU,"https://images-cn-4.ssl-images-amazon.com/images/I/51Rm8099L2L._SY344_BO1,204,203,200_QL70_.jpg"
122144,B003CJSVQQ,https://images-cn-4.ssl-images-amazon.com/images/I/51uQmXvrj%2BL._SY300_QL70_.jpg
122330,B003STDEGC,https://images-cn-4.ssl-images-amazon.com/images/I/41gT9VZpR4L._SY300_QL70_.jpg
122417,B003YYSFRY,"https://images-cn-4.ssl-images-amazon.com/images/I/41MDQrsiY%2BL._SY344_BO1,204,203,200_QL70_.jpg"
124051,B006LF1U2K,https://images-cn-4.ssl-images-amazon.com/images/I/515NV2EovbL._SY300_QL70_.jpg
126767,B0010LCZCE,https://images-cn-4.ssl-images-amazon.com/images/I/31R6IorDsyL._SY300_QL70_.jpg
127314,B0012KDJCI,"https://images-cn-4.ssl-images-amazon.com/images/I/51ukhSk%2Bh5L._SX258_BO1,204,203,200_QL70_.jpg"
127544,B001CBWAR2,https://images-cn-4.ssl-images-amazon.com/images/I/41VlhEnW8hL._SY300_QL70_.jpg
129185,B003U6GP0A,https://images-cn-4.ssl-images-amazon.com/images/I/51MLMeXwa6L._SY300_QL70_.jpg
130857,B00COGBIYA,https://images-cn-4.ssl-images-amazon.com/images/I/31jsEVSN%2BNL._SY300_QL70_.jpg
132358,B0011C1VQ8,"https://images-cn-4.ssl-images-amazon.com/images/I/61Cg-lChYaL._SX258_BO1,204,203,200_QL70_.jpg"
132542,B0011CU24K,"https://images-cn-4.ssl-images-amazon.com/images/I/61CSBScdCHL._SX258_BO1,204,203,200_QL70_.jpg"
134881,B008ATN9HE,https://images-cn-4.ssl-images-amazon.com/images/I/313S%2BhgvClL._SY300_QL70_.jpg
135346,B0091QFSLU,https://images-cn-4.ssl-images-amazon.com/images/I/31TEJetNgML._SY300_QL70_.jpg
135874,B00AQT2CQK,"https://images-cn-4.ssl-images-amazon.com/images/I/51NZAVTq-EL._SY344_BO1,204,203,200_QL70_.jpg"
137197,0679405429,"https://images-cn-4.ssl-images-amazon.com/images/I/51HF2dc7zEL._SY344_BO1,204,203,200_QL70_.jpg"
138366,B002XDQUN8,https://images-cn-4.ssl-images-amazon.com/images/I/418M5pSJW4L._SY300_QL70_.jpg
138554,B003BNZV2K,"https://images-cn-4.ssl-images-amazon.com/images/I/41yPN7iuAoL._SY344_BO1,204,203,200_QL70_.jpg"
139060,B003XCMF4Q,https://images-cn-4.ssl-images-amazon.com/images/I/41QbMo3uK%2BL._SY300_QL70_.jpg
140259,B005GS39JK,https://images-cn-4.ssl-images-amazon.com/images/I/515h9H70YBL._SX300_QL70_.jpg
140482,B005VNC2H0,"https://images-cn-4.ssl-images-amazon.com/images/I/51RRRCRh0VL._SY344_BO1,204,203,200_QL70_.jpg"
140613,B0067H7TEU,https://images-cn-4.ssl-images-amazon.com/images/I/31oikEzq2QL._SY300_QL70_.jpg
141069,B0084A1G6K,https://images-cn-4.ssl-images-amazon.com/images/I/31hCe73BfXL._SY300_QL70_.jpg
143509,B0011F5QPC,"https://images-cn-4.ssl-images-amazon.com/images/I/51hxg%2BLOxhL._SY344_BO1,204,203,200_QL70_.jpg"
145218,B0055X675Y,"https://images-cn-4.ssl-images-amazon.com/images/I/41DBneaGRwL._SY344_BO1,204,203,200_QL70_.jpg"
145678,B008ASGORM,https://images-cn-4.ssl-images-amazon.com/images/I/51W%2BoSkncRL._SY300_QL70_.jpg
147435,B00G3SNTD8,"https://images-cn-4.ssl-images-amazon.com/images/I/51jPk6eho7L._SY344_BO1,204,203,200_QL70_.jpg"
148103,B0011C69X8,"https://images-cn-4.ssl-images-amazon.com/images/I/51ypMiow3vL._SY344_BO1,204,203,200_QL70_.jpg"
148878,B003STDEDA,https://images-cn-4.ssl-images-amazon.com/images/I/41iUCMBTCUL._SX300_QL70_.jpg
151104,B007XQW40I,https://images-cn-4.ssl-images-amazon.com/images/I/41FRfb4QJwL._SY300_QL70_.jpg
154318,B001LRQS3E,https://images-cn-4.ssl-images-amazon.com/images/I/41alSseXdXL._SY300_QL70_.jpg
155001,B002TKLK58,https://images-cn-4.ssl-images-amazon.com/images/I/41vXzDEzLjL._SY300_QL70_.jpg
156103,B004IYJ320,"https://images-cn-4.ssl-images-amazon.com/images/I/51tk-seyYsL._SY344_BO1,204,203,200_QL70_.jpg"
159184,B001265ZGU,"https://images-cn-4.ssl-images-amazon.com/images/I/41VvV2a7xrL._SY344_BO1,204,203,200_QL70_.jpg"
159512,B001MJ054Y,"https://images-cn-4.ssl-images-amazon.com/images/I/51PBhzZOaTL._SY344_BO1,204,203,200_QL70_.jpg"
160597,B006PB4MBQ,"https://images-cn-4.ssl-images-amazon.com/images/I/41BXjDoU9HL._SY344_BO1,204,203,200_QL70_.jpg"
161660,B008RS4PRQ,"https://images-cn-4.ssl-images-amazon.com/images/I/512aDlypWXL._SY344_BO1,204,203,200_QL70_.jpg"
163691,1405510102,"https://images-cn-4.ssl-images-amazon.com/images/I/414joIjd1kL._SY344_BO1,204,203,200_QL70_.jpg"
163997,B001GNBOUA,https://images-cn-4.ssl-images-amazon.com/images/I/41DviwcNH0L._SY300_QL70_.jpg
164976,B0039XQXWO,"https://images-cn-4.ssl-images-amazon.com/images/I/41a4gtIRbDL._SY344_BO1,204,203,200_QL70_.jpg"
165801,B004D9G8DW,https://images-cn-4.ssl-images-amazon.com/images/I/41RmQAnG-DL._SX300_QL70_.jpg
167781,B00A327OPE,https://images-cn-4.ssl-images-amazon.com/images/I/51Cs2hDkupL._SY300_QL70_.jpg
168837,7802003903,"https://images-cn-4.ssl-images-amazon.com/images/I/41vx3GlGL0L._SY344_BO1,204,203,200_QL70_.jpg"
168854,B0010LDZ0K,https://images-cn-4.ssl-images-amazon.com/images/I/3131Fm%2BHcmL._SY300_QL70_.jpg
172149,B008EHQPWS,"https://images-cn-4.ssl-images-amazon.com/images/I/51n-6eOhsOL._SY344_BO1,204,203,200_QL70_.jpg"
172401,B009DUHU2Y,https://images-cn-4.ssl-images-amazon.com/images/I/41bPIm5YT6L._SY300_QL70_.jpg
172408,B009EJN1ZO,https://images-cn-4.ssl-images-amazon.com/images/I/31idD0yM2%2BL._SY300_QL70_.jpg
173307,B00D7YWNTM,"https://images-cn-4.ssl-images-amazon.com/images/I/51FNwlBE4cL._SY344_BO1,204,203,200_QL70_.jpg"
173892,B00HH4X70W,"https://images-cn-4.ssl-images-amazon.com/images/I/51mS5XnmKoL._SY344_BO1,204,203,200_QL70_.jpg"
174187,B001146W7E,"https://images-cn-4.ssl-images-amazon.com/images/I/51BUp%2BlKmLL._SY344_BO1,204,203,200_QL70_.jpg"
174814,B002EGJGGM,"https://images-cn-4.ssl-images-amazon.com/images/I/51bsREUcYTL._SY344_BO1,204,203,200_QL70_.jpg"
175169,B003NNVIDE,https://images-cn-4.ssl-images-amazon.com/images/I/51zvYhFccAL._SY300_QL70_.jpg
177637,B0084XA1JA,"https://images-cn-4.ssl-images-amazon.com/images/I/51RVOSdpJOL._SY344_BO1,204,203,200_QL70_.jpg"
179855,B0011BYAOY,"https://images-cn-4.ssl-images-amazon.com/images/I/41fcp2vczdL._SY344_BO1,204,203,200_QL70_.jpg"
182564,B004X9K0B8,"https://images-cn-4.ssl-images-amazon.com/images/I/51FWwz3aDHL._SY344_BO1,204,203,200_QL70_.jpg"
183418,B00A67K0A2,"https://images-cn-4.ssl-images-amazon.com/images/I/41TEclaV%2BfL._SY344_BO1,204,203,200_QL70_.jpg"
183679,B00CWPIDHI,https://images-cn-4.ssl-images-amazon.com/images/I/41xDoQ9vvTL._SY300_QL70_.jpg
184282,B00HJFE7F8,"https://images-cn-4.ssl-images-amazon.com/images/I/41Zu6wuZ4VL._SY344_BO1,204,203,200_QL70_.jpg"
184371,B00K0Z6I1U,https://images-cn-4.ssl-images-amazon.com/images/I/61xCLKJrlaL._SY300_QL70_.jpg
184410,0141439513,"https://images-cn-4.ssl-images-amazon.com/images/I/41k29Fict8L._SY344_BO1,204,203,200_QL70_.jpg"
184565,B0010L7X0S,https://images-cn-4.ssl-images-amazon.com/images/I/51DTMk2lE0L._SY300_QL70_.jpg
186035,B003F2593I,"https://images-cn-4.ssl-images-amazon.com/images/I/4117qmvYeLL._SY344_BO1,204,203,200_QL70_.jpg"
186429,B004PYENZA,"https://images-cn-4.ssl-images-amazon.com/images/I/41AqJNk7d7L._SY344_BO1,204,203,200_QL70_.jpg"
189412,B00DA47QQE,"https://images-cn-4.ssl-images-amazon.com/images/I/51y2BB6M-jL._SY344_BO1,204,203,200_QL70_.jpg"
193064,B005YUBY24,https://images-cn-4.ssl-images-amazon.com/images/I/31fq2sWt5QL._SY300_QL70_.jpg
193377,B0070WU51U,https://images-cn-4.ssl-images-amazon.com/images/I/5146tXHceoL._SY300_QL70_.jpg
195346,B0011AG8PE,"https://images-cn-4.ssl-images-amazon.com/images/I/41VtoS2CppL._SY344_BO1,204,203,200_QL70_.jpg"
196131,B0012CHKL2,https://images-cn-4.ssl-images-amazon.com/images/I/41f%2Bz%2BDsygL._SY300_QL70_.jpg
197115,B003479JWG,https://images-cn-4.ssl-images-amazon.com/images/I/51eF4sZVS1L._SY300_QL70_.jpg
197977,B007ICDQNG,"https://images-cn-4.ssl-images-amazon.com/images/I/51Kk%2BFN%2BihL._SX258_BO1,204,203,200_QL70_.jpg"
198724,B009YOHBD2,https://images-cn-4.ssl-images-amazon.com/images/I/31d1j%2BAkl%2BL._SY300_QL70_.jpg
200367,B00114DX08,"https://images-cn-4.ssl-images-amazon.com/images/I/51DfnpNRugL._SX258_BO1,204,203,200_QL70_.jpg"
201377,B003STDEDK,https://images-cn-4.ssl-images-amazon.com/images/I/41xAzL79YHL._SX300_QL70_.jpg
201454,B003YJFNME,"https://images-cn-4.ssl-images-amazon.com/images/I/51KgEWM2BiL._SY344_BO1,204,203,200_QL70_.jpg"
203606,B00810UORA,"https://images-cn-4.ssl-images-amazon.com/images/I/51sYVXDraOL._SY344_BO1,204,203,200_QL70_.jpg"
203971,B008JAO9Q4,"https://images-cn-4.ssl-images-amazon.com/images/I/516txkpnK%2BL._SY344_BO1,204,203,200_QL70_.jpg"
204025,B008NZL98G,"https://images-cn-4.ssl-images-amazon.com/images/I/51G8wGPoHgL._SY344_BO1,204,203,200_QL70_.jpg"
204437,B00A2KOGH6,https://images-cn-4.ssl-images-amazon.com/images/I/31beOLm9L9L._SY300_QL70_.jpg
205846,B0011BVBVY,"https://images-cn-4.ssl-images-amazon.com/images/I/41bOnrj1DLL._SY344_BO1,204,203,200_QL70_.jpg"
206404,B001CCSZC0,"https://images-cn-4.ssl-images-amazon.com/images/I/51Aj56mwviL._SX258_BO1,204,203,200_QL70_.jpg"
208014,B003TJNO98,"https://images-cn-4.ssl-images-amazon.com/images/I/51k3nCBfDWL._SX258_BO1,204,203,200_QL70_.jpg"
208995,B005MV1V64,https://images-cn-4.ssl-images-amazon.com/images/I/418RkJ6IK2L._SY300_QL70_.jpg
209038,B005YXM376,https://images-cn-4.ssl-images-amazon.com/images/I/41eeYt7Ci8L._SY300_QL70_.jpg
212138,B002Q0Y828,"https://images-cn-4.ssl-images-amazon.com/images/I/51HRrma-WyL._SY344_BO1,204,203,200_QL70_.jpg"
212449,B004HFQMII,https://images-cn-4.ssl-images-amazon.com/images/I/31FgqLTeiTL._SY300_QL70_.jpg
214714,B00A9RXABU,"https://images-cn-4.ssl-images-amazon.com/images/I/41lu2kWMFIL._SY344_BO1,204,203,200_QL70_.jpg"
214958,B00AXUU6RY,https://images-cn-4.ssl-images-amazon.com/images/I/41k2bX6uSmL._SY300_QL70_.jpg
216672,B001T4ZKHE,"https://images-cn-4.ssl-images-amazon.com/images/I/5198spdCzuL._SY344_BO1,204,203,200_QL70_.jpg"
218439,B004LI9QL6,"https://images-cn-4.ssl-images-amazon.com/images/I/51DbRsaJQ8L._SX258_BO1,204,203,200_QL70_.jpg"
221126,0143105426,"https://images-cn-4.ssl-images-amazon.com/images/I/51vOUMKOPBL._SY344_BO1,204,203,200_QL70_.jpg"
221311,B00112YLRE,"https://images-cn-4.ssl-images-amazon.com/images/I/51GRXyBpzGL._SY344_BO1,204,203,200_QL70_.jpg"
223743,B003U6GP14,https://images-cn-4.ssl-images-amazon.com/images/I/51YmlhUziRL._SY300_QL70_.jpg
224293,B007BJHEWK,https://images-cn-4.ssl-images-amazon.com/images/I/51Y0H536V5L._SY300_QL70_.jpg
224571,B008ASCLJW,"https://images-cn-4.ssl-images-amazon.com/images/I/51QKQ-oaDwL._SY344_BO1,204,203,200_QL70_.jpg"
224940,B009I9HBFG,"https://images-cn-4.ssl-images-amazon.com/images/I/51wq0ZPPTML._SY344_BO1,204,203,200_QL70_.jpg"
227496,B002PDODUS,https://images-cn-4.ssl-images-amazon.com/images/I/412vxeEGQcL._SY300_QL70_.jpg
227847,B003UOXXUM,"https://images-cn-4.ssl-images-amazon.com/images/I/41cKdZiTx1L._SX258_BO1,204,203,200_QL70_.jpg"
228884,B005DRCQZ2,"https://images-cn-4.ssl-images-amazon.com/images/I/41liBBduGwL._SY344_BO1,204,203,200_QL70_.jpg"
229122,B005MV1VIC,https://images-cn-4.ssl-images-amazon.com/images/I/41mxIy3jMQL._SY300_QL70_.jpg
231449,B00C9U88OE,"https://images-cn-4.ssl-images-amazon.com/images/I/51EzZjyJYfL._SX258_BO1,204,203,200_QL70_.jpg"
238486,B0035RP348,"https://images-cn-4.ssl-images-amazon.com/images/I/41WVXTcw25L._SY344_BO1,204,203,200_QL70_.jpg"
239295,B005WFWEFC,"https://images-cn-4.ssl-images-amazon.com/images/I/41pTG0eSXtL._SY344_BO1,204,203,200_QL70_.jpg"
240056,B007YDYKI4,"https://images-cn-4.ssl-images-amazon.com/images/I/51ZHQ0rdtsL._SX258_BO1,204,203,200_QL70_.jpg"
240210,B008AGHPM2,"https://images-cn-4.ssl-images-amazon.com/images/I/51k4Jdrj%2BqL._SX258_BO1,204,203,200_QL70_.jpg"
240220,B008ATN8QG,https://images-cn-4.ssl-images-amazon.com/images/I/31V0q5StP%2BL._SY300_QL70_.jpg
243604,B002TOJF8S,"https://images-cn-4.ssl-images-amazon.com/images/I/41xgCx-bxpL._SY344_BO1,204,203,200_QL70_.jpg"
243664,B002WB0XXO,"https://images-cn-4.ssl-images-amazon.com/images/I/51QoQ7LmIPL._SY344_BO1,204,203,200_QL70_.jpg"
244195,B003STDEE4,https://images-cn-4.ssl-images-amazon.com/images/I/41ibftiPEtL._SX300_QL70_.jpg
244213,B003TLN5GI,"https://images-cn-4.ssl-images-amazon.com/images/I/51MS5r45O2L._SX258_BO1,204,203,200_QL70_.jpg"
244880,B004QEZ6H8,https://images-cn-4.ssl-images-amazon.com/images/I/515h9H70YBL._SX300_QL70_.jpg
246509,B008TM6S20,https://images-cn-4.ssl-images-amazon.com/images/I/31EKS%2BEvB4L._SY300_QL70_.jpg
247491,0141028106,"https://images-cn-4.ssl-images-amazon.com/images/I/41bo65Xu3TL._SY344_BO1,204,203,200_QL70_.jpg"
249344,B001MS8MM2,"https://images-cn-4.ssl-images-amazon.com/images/I/61yQIHDHYeL._SY344_BO1,204,203,200_QL70_.jpg"
250451,B0067WM594,"https://images-cn-4.ssl-images-amazon.com/images/I/51avrbeLOKL._SY344_BO1,204,203,200_QL70_.jpg"
251920,B00COX3VSY,"https://images-cn-4.ssl-images-amazon.com/images/I/51WhbzMUB6L._SY344_BO1,204,203,200_QL70_.jpg"
253659,B002KFZJJK,"https://images-cn-4.ssl-images-amazon.com/images/I/619mNbbCYnL._SY344_BO1,204,203,200_QL70_.jpg"
253869,B003EIJPBK,"https://images-cn-4.ssl-images-amazon.com/images/I/51l0VjtzefL._SY344_BO1,204,203,200_QL70_.jpg"
255387,B005N5JATO,https://images-cn-4.ssl-images-amazon.com/images/I/41V7bqrlZwL._SY300_QL70_.jpg
258451,B0010LCLBO,https://images-cn-4.ssl-images-amazon.com/images/I/41YFb2l1IlL._SY300_QL70_.jpg
258458,B0010MAGDS,https://images-cn-4.ssl-images-amazon.com/images/I/41Auivopu-L._SY300_QL70_.jpg
259637,B001UVT86K,"https://images-cn-4.ssl-images-amazon.com/images/I/51oNLo7MsmL._SY344_BO1,204,203,200_QL70_.jpg"
259978,B002IPG2G6,"https://images-cn-4.ssl-images-amazon.com/images/I/41pz2a5RjAL._SY344_BO1,204,203,200_QL70_.jpg"
260348,B0032S3VEE,"https://images-cn-4.ssl-images-amazon.com/images/I/41XLbU3%2B3lL._SY344_BO1,204,203,200_QL70_.jpg"
260727,B003N63ZVO,https://images-cn-4.ssl-images-amazon.com/images/I/41NRoALSJ7L._SY300_QL70_.jpg
260733,B003N64OBO,https://images-cn-4.ssl-images-amazon.com/images/I/51-N0zdMRXL._SY300_QL70_.jpg
261355,B004OA7J06,https://images-cn-4.ssl-images-amazon.com/images/I/41HpwvFA4sL._SX300_QL70_.jpg
262020,B0081MR548,"https://images-cn-4.ssl-images-amazon.com/images/I/51JFGijydkL._SY344_BO1,204,203,200_QL70_.jpg"
262716,B00EJA2YQU,https://images-cn-4.ssl-images-amazon.com/images/I/41sIUXN-yUL._SY300_QL70_.jpg
265085,B004HFQLXO,https://images-cn-4.ssl-images-amazon.com/images/I/31TQdanT2mL._SY300_QL70_.jpg
267569,B00AZG2LQA,https://images-cn-4.ssl-images-amazon.com/images/I/41KcQWW0q-L._SY300_QL70_.jpg
270638,B0040EIHJS,https://images-cn-4.ssl-images-amazon.com/images/I/31gUWelSAsL._SY300_QL70_.jpg
272072,B0062WDTL2,https://images-cn-4.ssl-images-amazon.com/images/I/51mtrLqGxqL._SY300_QL70_.jpg
275638,B001KBYP90,https://images-cn-4.ssl-images-amazon.com/images/I/41LUEX%2BDciL._SY300_QL70_.jpg
275697,B001NXC3A8,"https://images-cn-4.ssl-images-amazon.com/images/I/41eRvjwhLpL._SY344_BO1,204,203,200_QL70_.jpg"
275707,B001O2HFL0,"https://images-cn-4.ssl-images-amazon.com/images/I/51OaoKgR8RL._SX258_BO1,204,203,200_QL70_.jpg"
280141,B002XDQUNS,https://images-cn-4.ssl-images-amazon.com/images/I/41fF7xryMrL._SY300_QL70_.jpg
280454,B003YXYPOM,https://images-cn-4.ssl-images-amazon.com/images/I/31VadnJOkrL._SX300_QL70_.jpg
286997,B003X0BSP0,https://images-cn-4.ssl-images-amazon.com/images/I/31i7lIchHBL._SY300_QL70_.jpg
289752,B00116J6FM,"https://images-cn-4.ssl-images-amazon.com/images/I/51KB-XYE4QL._SY344_BO1,204,203,200_QL70_.jpg"
292051,B0079RCDAM,"https://images-cn-4.ssl-images-amazon.com/images/I/41sYh6%2B-mML._SY344_BO1,204,203,200_QL70_.jpg"
294209,B00CGV0XA8,"https://images-cn-4.ssl-images-amazon.com/images/I/51DbBJiAbOL._SY344_BO1,204,203,200_QL70_.jpg"
294889,0143036238,"https://images-cn-4.ssl-images-amazon.com/images/I/51lNDh-2N2L._SY344_BO1,204,203,200_QL70_.jpg"
296778,B003X0BSOQ,https://images-cn-4.ssl-images-amazon.com/images/I/41uocrr9NSL._SY300_QL70_.jpg
298346,B0063CD0WO,https://images-cn-4.ssl-images-amazon.com/images/I/41xImxUcFUL._SY300_QL70_.jpg
298393,B0067F2RTE,https://images-cn-4.ssl-images-amazon.com/images/I/41gN5bL7EEL._SX300_QL70_.jpg
298405,B0068AG6UY,"https://images-cn-4.ssl-images-amazon.com/images/I/51WiLdSOHzL._SY344_BO1,204,203,200_QL70_.jpg"
299096,B008V6W44A,https://images-cn-4.ssl-images-amazon.com/images/I/51EuCG%2Bub0L._SY300_QL70_.jpg
300265,B0010LGT4E,https://images-cn-4.ssl-images-amazon.com/images/I/41LUEX%2BDciL._SY300_QL70_.jpg
301362,B00126CAWC,"https://images-cn-4.ssl-images-amazon.com/images/I/51FAIKqcRKL._SX258_BO1,204,203,200_QL70_.jpg"
301535,B0017PIEK0,https://images-cn-4.ssl-images-amazon.com/images/I/41T4J7XROIL._SY300_QL70_.jpg
302217,B002M77ZB6,https://images-cn-4.ssl-images-amazon.com/images/I/41AAc8vsA5L._SY300_QL70_.jpg
303194,B007BJHETS,https://images-cn-4.ssl-images-amazon.com/images/I/41NOc9kUNiL._SY300_QL70_.jpg
305512,1442346949,"https://images-cn-4.ssl-images-amazon.com/images/I/51FTF0azQgL._SX258_BO1,204,203,200_QL70_.jpg"
306453,B00358K702,"https://images-cn-4.ssl-images-amazon.com/images/I/51ZhEG%2BzDSL._SY344_BO1,204,203,200_QL70_.jpg"
307545,B0052IGZFO,"https://images-cn-4.ssl-images-amazon.com/images/I/51OYLEjMGIL._SY344_BO1,204,203,200_QL70_.jpg"
312528,B002H9X3DS,"https://images-cn-4.ssl-images-amazon.com/images/I/41XL6Hc6ArL._SY344_BO1,204,203,200_QL70_.jpg"
312698,B002SBA39C,https://images-cn-4.ssl-images-amazon.com/images/I/41l86T-xffL._SY300_QL70_.jpg
314081,B0051T7T7W,"https://images-cn-4.ssl-images-amazon.com/images/I/51DDJuy6zbL._SX258_BO1,204,203,200_QL70_.jpg"
314127,B00541P0DW,https://images-cn-4.ssl-images-amazon.com/images/I/41jiKbjUe4L._SX300_QL70_.jpg
316066,B0010MA9T4,https://images-cn-4.ssl-images-amazon.com/images/I/41EpmSllOLL._SY300_QL70_.jpg
317179,B0018Y5XO0,https://images-cn-4.ssl-images-amazon.com/images/I/41TwsNznEUL._SY300_QL70_.jpg
317249,B001E39O2C,"https://images-cn-4.ssl-images-amazon.com/images/I/41ZKsDatQgL._SY344_BO1,204,203,200_QL70_.jpg"
317387,B0027P9T80,https://images-cn-4.ssl-images-amazon.com/images/I/414Usuh3FBL._SY300_QL70_.jpg
317452,B0034G53V8,"https://images-cn-4.ssl-images-amazon.com/images/I/41IQssKI1OL._SX258_BO1,204,203,200_QL70_.jpg"
320012,B00AFQKQV2,"https://images-cn-4.ssl-images-amazon.com/images/I/41sMSZvWluL._SX258_BO1,204,203,200_QL70_.jpg"
321358,0349139598,
321652,B001BIVYSW,"https://images-cn-4.ssl-images-amazon.com/images/I/51bKxtfU4gL._SY344_BO1,204,203,200_QL70_.jpg"
322496,B002TKLK2Q,https://images-cn-4.ssl-images-amazon.com/images/I/312pggDeJSL._SY300_QL70_.jpg
322532,B002VUCDQ6,"https://images-cn-4.ssl-images-amazon.com/images/I/51ZyKS1FAbL._SY344_BO1,204,203,200_QL70_.jpg"
323092,B003SKOP2I,"https://images-cn-4.ssl-images-amazon.com/images/I/5141Jl1D91L._SY344_BO1,204,203,200_QL70_.jpg"
323358,B003ZUYW2E,https://images-cn-4.ssl-images-amazon.com/images/I/411v0AwOmYL._SX300_QL70_.jpg
323519,B004A91ARY,https://images-cn-4.ssl-images-amazon.com/images/I/410NDN9q1EL._SY300_QL70_.jpg
326582,B0010MBKA6,https://images-cn-4.ssl-images-amazon.com/images/I/41Jc24lBavL._SY300_QL70_.jpg
326781,B00116NQLW,"https://images-cn-4.ssl-images-amazon.com/images/I/51Ky8Eh29mL._SY344_BO1,204,203,200_QL70_.jpg"
330709,B00CAE5ZCW,https://images-cn-4.ssl-images-amazon.com/images/I/31pBvkLgwaL._SY300_QL70_.jpg
332416,B001VNCFDA,"https://images-cn-4.ssl-images-amazon.com/images/I/51nA3tkuRSL._SX258_BO1,204,203,200_QL70_.jpg"
332759,B003CJSQFC,https://images-cn-4.ssl-images-amazon.com/images/I/31mQC4-iq9L._SY300_QL70_.jpg
332957,B003STDEEE,https://images-cn-4.ssl-images-amazon.com/images/I/41xc1dxX%2B6L._SY300_QL70_.jpg
333125,B004CTI6VU,"https://images-cn-4.ssl-images-amazon.com/images/I/41Pzfrt4ZVL._SY344_BO1,204,203,200_QL70_.jpg"
333508,B004QEZ6HI,https://images-cn-4.ssl-images-amazon.com/images/I/51ZTYJ32asL._SY300_QL70_.jpg
336834,B00DM01QF8,"https://images-cn-4.ssl-images-amazon.com/images/I/41wW353VrHL._SX258_BO1,204,203,200_QL70_.jpg"
342922,B0011C25RW,"https://images-cn-4.ssl-images-amazon.com/images/I/41d1nEKnCaL._SY344_BO1,204,203,200_QL70_.jpg"
343061,B0011CRO32,"https://images-cn-4.ssl-images-amazon.com/images/I/41mwxg7p1NL._SY344_BO1,204,203,200_QL70_.jpg"
343531,B001EQ68N2,https://images-cn-4.ssl-images-amazon.com/images/I/41guXZhUbRL._SY300_QL70_.jpg
343656,B0028K32Q4,https://images-cn-4.ssl-images-amazon.com/images/I/31htvorUsFL._SY300_QL70_.jpg
344473,B005OOXNII,"https://images-cn-4.ssl-images-amazon.com/images/I/41NgjwLYOFL._SY344_BO1,204,203,200_QL70_.jpg"
345003,B007KG0RQO,https://images-cn-4.ssl-images-amazon.com/images/I/31xqi0sRCdL._SY300_QL70_.jpg
346009,B009NC6Y9C,"https://images-cn-4.ssl-images-amazon.com/images/I/51Kz2SAFRTL._SY344_BO1,204,203,200_QL70_.jpg"
346382,B00ATZ9FLG,"https://images-cn-4.ssl-images-amazon.com/images/I/51eIs4iRkTL._SX258_BO1,204,203,200_QL70_.jpg"
347091,B00D6XSRL2,https://images-cn-4.ssl-images-amazon.com/images/I/41MY3FVBFbL._SX300_QL70_.jpg
348264,B002AO8UVA,"https://images-cn-4.ssl-images-amazon.com/images/I/41NqTyUuMWL._SY344_BO1,204,203,200_QL70_.jpg"
348644,B002SG6RYW,https://images-cn-4.ssl-images-amazon.com/images/I/31ZkhuMf4DL._SY300_QL70_.jpg
348924,B003CF9QKA,"https://images-cn-4.ssl-images-amazon.com/images/I/51TQ8S4ns3L._SY344_BO1,204,203,200_QL70_.jpg"
350191,B00520PPTE,"https://images-cn-4.ssl-images-amazon.com/images/I/5158sF5jSdL._SY344_BO1,204,203,200_QL70_.jpg"
351060,B00776T3NA,https://images-cn-4.ssl-images-amazon.com/images/I/41gAxhvjhQL._SY300_QL70_.jpg
352021,B00EEUIFEK,https://images-cn-4.ssl-images-amazon.com/images/I/41GOej5rPUL._SX300_QL70_.jpg
353799,B0012UM1TU,"https://images-cn-4.ssl-images-amazon.com/images/I/41MA9JZAjPL._SY344_BO1,204,203,200_QL70_.jpg"
355070,B003TJ99L0,https://images-cn-4.ssl-images-amazon.com/images/I/41wY686bxxL._SY300_QL70_.jpg
355168,B00421B7TQ,
355488,B0067H7S64,https://images-cn-4.ssl-images-amazon.com/images/I/318G0zFnUZL._SY300_QL70_.jpg
358266,B0011C194C,"https://images-cn-4.ssl-images-amazon.com/images/I/51GUzRCYlAL._SY344_BO1,204,203,200_QL70_.jpg"
358446,B0016K452M,"https://images-cn-4.ssl-images-amazon.com/images/I/5173LMq19UL._SY344_BO1,204,203,200_QL70_.jpg"
360638,B006CF2FHI,https://images-cn-4.ssl-images-amazon.com/images/I/51%2B7F7nieSL._SX300_QL70_.jpg
362577,B00BN45QIS,https://images-cn-4.ssl-images-amazon.com/images/I/318G0zFnUZL._SY300_QL70_.jpg
363219,0553212427,"https://images-cn-4.ssl-images-amazon.com/images/I/51da4TCfwZL._SY344_BO1,204,203,200_QL70_.jpg"
364792,B002CU9X9A,"https://images-cn-4.ssl-images-amazon.com/images/I/41ZM5BFL1fL._SX258_BO1,204,203,200_QL70_.jpg"
364878,B002IIE90Y,"https://images-cn-4.ssl-images-amazon.com/images/I/41jWOYY0wBL._SY344_BO1,204,203,200_QL70_.jpg"
365357,B0036FU6FU,"https://images-cn-4.ssl-images-amazon.com/images/I/51NKwb2S-jL._SX258_BO1,204,203,200_QL70_.jpg"
365770,B003U6GP1O,https://images-cn-4.ssl-images-amazon.com/images/I/418c%2BA%2BxmiL._SY300_QL70_.jpg
366922,B007K514Y4,https://images-cn-4.ssl-images-amazon.com/images/I/51bPPOMXkvL._SY300_QL70_.jpg
367460,B00CBRGTJQ,https://images-cn-4.ssl-images-amazon.com/images/I/412LjS0KhpL._SY300_QL70_.jpg
367592,B00DQLEMCW,https://images-cn-4.ssl-images-amazon.com/images/I/41pjlD-dnXL._SY300_QL70_.jpg
368016,B00GXSU4X6,"https://images-cn-4.ssl-images-amazon.com/images/I/51pdx4E6NwL._SX258_BO1,204,203,200_QL70_.jpg"
368372,1408703742,"https://images-cn-4.ssl-images-amazon.com/images/I/51-KYDMwtIL._SY344_BO1,204,203,200_QL70_.jpg"
368386,1451648537,"https://images-cn-4.ssl-images-amazon.com/images/I/41dKkez-1rL._SY344_BO1,204,203,200_QL70_.jpg"
368474,B001148LUA,"https://images-cn-4.ssl-images-amazon.com/images/I/41551UCgRlL._SY344_BO1,204,203,200_QL70_.jpg"
371019,B007BKI7SE,
371540,B0087NMHMG,https://images-cn-4.ssl-images-amazon.com/images/I/31VbXk%2BD5jL._SY300_QL70_.jpg
371783,B008JAF6HA,"https://images-cn-4.ssl-images-amazon.com/images/I/511Gu6tkFuL._SY344_BO1,204,203,200_QL70_.jpg"
372161,B009EJMZ56,https://images-cn-4.ssl-images-amazon.com/images/I/311wgrr1-AL._SX300_QL70_.jpg
373594,B00F26N2UW,"https://images-cn-4.ssl-images-amazon.com/images/I/51YXWkHO-1L._SY344_BO1,204,203,200_QL70_.jpg"
376060,B004I56RRS,"https://images-cn-4.ssl-images-amazon.com/images/I/41f1UtAHYdL._SY344_BO1,204,203,200_QL70_.jpg"
376235,B004R96HKC,https://images-cn-4.ssl-images-amazon.com/images/I/51Xswk2Y-dL._SX300_QL70_.jpg
377144,B0062WDUA2,https://images-cn-4.ssl-images-amazon.com/images/I/51mtrLqGxqL._SY300_QL70_.jpg
379043,B00112YHDM,"https://images-cn-4.ssl-images-amazon.com/images/I/41yL3NnPJgL._SY344_BO1,204,203,200_QL70_.jpg"
379192,B00116ELZW,"https://images-cn-4.ssl-images-amazon.com/images/I/41ViZVtvdgL._SY344_BO1,204,203,200_QL70_.jpg"
379243,B00116OYMW,"https://images-cn-4.ssl-images-amazon.com/images/I/41yL3NnPJgL._SY344_BO1,204,203,200_QL70_.jpg"
380132,B0011FA7QK,"https://images-cn-4.ssl-images-amazon.com/images/I/5109nrhw3zL._SX258_BO1,204,203,200_QL70_.jpg"
381668,B0047BJ04A,"https://images-cn-4.ssl-images-amazon.com/images/I/41sfWBZLAWL._SY344_BO1,204,203,200_QL70_.jpg"
382524,B009DUHU4C,https://images-cn-4.ssl-images-amazon.com/images/I/41MY3FVBFbL._SX300_QL70_.jpg
383502,B00DFXFU4U,"https://images-cn-4.ssl-images-amazon.com/images/I/51tIPRToL3L._SX258_BO1,204,203,200_QL70_.jpg"
383508,B00DGMU5CW,https://images-cn-4.ssl-images-amazon.com/images/I/413AEYrldgL._SY300_QL70_.jpg
383570,B00DRARY5Y,https://images-cn-4.ssl-images-amazon.com/images/I/411T4xaNMnL._SY300_QL70_.jpg
383875,B00FQOXC14,https://images-cn-4.ssl-images-amazon.com/images/I/41MY3FVBFbL._SX300_QL70_.jpg
383876,B00FQOXM78,https://images-cn-4.ssl-images-amazon.com/images/I/41MY3FVBFbL._SX300_QL70_.jpg
383918,B00G3YHJM4,"https://images-cn-4.ssl-images-amazon.com/images/I/51Dko-ujNGL._SY344_BO1,204,203,200_QL70_.jpg"
385324,B003NNVIBG,https://images-cn-4.ssl-images-amazon.com/images/I/51c147eTIXL._SY300_QL70_.jpg
385373,B003STDEEO,https://images-cn-4.ssl-images-amazon.com/images/I/41xcu2pim9L._SY300_QL70_.jpg
385944,B004QEZ6HS,https://images-cn-4.ssl-images-amazon.com/images/I/41VvJgO-CrL._SX300_QL70_.jpg
386982,B006GMG3XO,https://images-cn-4.ssl-images-amazon.com/images/I/51N2VJyCNxL._SY300_QL70_.jpg
387693,B0083DP0CY,"https://images-cn-4.ssl-images-amazon.com/images/I/61%2BcsqqaWtL._SX258_BO1,204,203,200_QL70_.jpg"
388462,B009YOH826,https://images-cn-4.ssl-images-amazon.com/images/I/31d1j%2BAkl%2BL._SY300_QL70_.jpg
391603,B00305HHEE,https://images-cn-4.ssl-images-amazon.com/images/I/41oQn6XjZWL._SY300_QL70_.jpg
392358,B0041Q3GCS,"https://images-cn-4.ssl-images-amazon.com/images/I/51-jUtJkb%2BL._SY344_BO1,204,203,200_QL70_.jpg"
392686,B004OA7J10,https://images-cn-4.ssl-images-amazon.com/images/I/51Vf5L5Fw6L._SY300_QL70_.jpg
393377,B008M124F8,"https://images-cn-4.ssl-images-amazon.com/images/I/51NRYTwTSAL._SY344_BO1,204,203,200_QL70_.jpg"
394152,B00EUTEK1C,https://images-cn-4.ssl-images-amazon.com/images/I/41SLlMcPLnL._SY300_QL70_.jpg
394313,B00FXONTU6,"https://images-cn-4.ssl-images-amazon.com/images/I/51a1pwY7GkL._SX258_BO1,204,203,200_QL70_.jpg"
394804,1593082010,"https://images-cn-4.ssl-images-amazon.com/images/I/41AZcE4Mi8L._SY344_BO1,204,203,200_QL70_.jpg"
395946,B001803USA,"https://images-cn-4.ssl-images-amazon.com/images/I/51g8RqiwxhL._SY344_BO1,204,203,200_QL70_.jpg"
396382,B004322LB2,https://images-cn-4.ssl-images-amazon.com/images/I/31AbMCcjZIL._SX300_QL70_.jpg
397985,B008AEXE5Q,"https://images-cn-4.ssl-images-amazon.com/images/I/51CAiaoRCsL._SY344_BO1,204,203,200_QL70_.jpg"
397986,B008AFFJP8,"https://images-cn-4.ssl-images-amazon.com/images/I/41MhGaSr0zL._SY344_BO1,204,203,200_QL70_.jpg"
398996,B00AZG2KWA,https://images-cn-4.ssl-images-amazon.com/images/I/41RgSDw9EnL._SY300_QL70_.jpg
402182,B0044UIYRS,https://images-cn-4.ssl-images-amazon.com/images/I/41Ypp3XQLHL._SY300_QL70_.jpg
402488,B004OA7J0Q,https://images-cn-4.ssl-images-amazon.com/images/I/51Ys8JXcZUL._SY300_QL70_.jpg
403716,B00776T0MY,https://images-cn-4.ssl-images-amazon.com/images/I/41zLUyASjXL._SY300_QL70_.jpg
404973,B00HFO7GTM,https://images-cn-4.ssl-images-amazon.com/images/I/419zbd-aWEL._SY300_QL70_.jpg
405264,0812523369,"https://images-cn-4.ssl-images-amazon.com/images/I/51L61KsL6IL._SY344_BO1,204,203,200_QL70_.jpg"
406697,B0019C9KMC,https://images-cn-4.ssl-images-amazon.com/images/I/51GdcVwBEeL._SY300_QL70_.jpg
406937,B001I44IIC,"https://images-cn-4.ssl-images-amazon.com/images/I/41sRE5yYbdL._SY344_BO1,204,203,200_QL70_.jpg"
407111,B001PM5X9K,"https://images-cn-4.ssl-images-amazon.com/images/I/51haHcxWC4L._SY344_BO1,204,203,200_QL70_.jpg"
407242,B0028K45NS,https://images-cn-4.ssl-images-amazon.com/images/I/31qXSRXTdxL._SY300_QL70_.jpg
407375,B002PU9B94,"https://images-cn-4.ssl-images-amazon.com/images/I/41RMJrpC5WL._SY344_BO1,204,203,200_QL70_.jpg"
407467,B0031U0O6G,"https://images-cn-4.ssl-images-amazon.com/images/I/51sgFwegd8L._SY344_BO1,204,203,200_QL70_.jpg"
407523,B00358C4WG,"https://images-cn-4.ssl-images-amazon.com/images/I/41hIu%2BPUP%2BL._SY344_BO1,204,203,200_QL70_.jpg"
407720,B003P2W5P8,https://images-cn-4.ssl-images-amazon.com/images/I/51b%2BlRUDmJL._SY300_QL70_.jpg
407816,B0041D9R8S,"https://images-cn-4.ssl-images-amazon.com/images/I/51PuWq263LL._SY344_BO1,204,203,200_QL70_.jpg"
410608,B0010M577S,https://images-cn-4.ssl-images-amazon.com/images/I/41QCHGhjlML._SY300_QL70_.jpg
410716,B0011685PY,"https://images-cn-4.ssl-images-amazon.com/images/I/51PtQsbW%2B-L._SX258_BO1,204,203,200_QL70_.jpg"
410901,B0011C194M,"https://images-cn-4.ssl-images-amazon.com/images/I/51-xM66lkcL._SX258_BO1,204,203,200_QL70_.jpg"
411709,B003STDEBM,https://images-cn-4.ssl-images-amazon.com/images/I/41zy%2B336wuL._SY300_QL70_.jpg
413504,B006W8U2MU,https://images-cn-4.ssl-images-amazon.com/images/I/312ideo1RHL._SY300_QL70_.jpg
413814,B007QIM7Q4,"https://images-cn-4.ssl-images-amazon.com/images/I/31ahgCpZvTL._SY344_BO1,204,203,200_QL70_.jpg"
414920,B00AK8FR1O,https://images-cn-4.ssl-images-amazon.com/images/I/41CuHUWP2CL._SY300_QL70_.jpg
415966,B0010LDYZQ,https://images-cn-4.ssl-images-amazon.com/images/I/417EN5XI%2BEL._SY300_QL70_.jpg
415968,B0010MBKAG,https://images-cn-4.ssl-images-amazon.com/images/I/41swHYH4wRL._SY300_QL70_.jpg
418330,B003U6GP1Y,https://images-cn-4.ssl-images-amazon.com/images/I/51YEV8ZphZL._SY300_QL70_.jpg
420213,B00DRARUDK,https://images-cn-4.ssl-images-amazon.com/images/I/41XF0LbJp-L._SY300_QL70_.jpg
422420,B002D595O2,"https://images-cn-4.ssl-images-amazon.com/images/I/41EMYiEiWYL._SY344_BO1,204,203,200_QL70_.jpg"
425715,B00CSJ79QO,"https://images-cn-4.ssl-images-amazon.com/images/I/416uOM6O9nL._SY344_BO1,204,203,200_QL70_.jpg"
427323,B002LOHE8E,"https://images-cn-4.ssl-images-amazon.com/images/I/51eIkAtBwAL._SY344_BO1,204,203,200_QL70_.jpg"
427878,B003J6NAPE,"https://images-cn-4.ssl-images-amazon.com/images/I/41Q7pTKnjpL._SY344_BO1,204,203,200_QL70_.jpg"
427957,B003NNVIC0,https://images-cn-4.ssl-images-amazon.com/images/I/51htPg4-E5L._SY300_QL70_.jpg
428192,B003X0BSPK,https://images-cn-4.ssl-images-amazon.com/images/I/31NUDJtW7dL._SY300_QL70_.jpg
429975,B00776T2ZE,https://images-cn-4.ssl-images-amazon.com/images/I/41JCwoZdqHL._SY300_QL70_.jpg
432403,B0011DXNJ0,"https://images-cn-4.ssl-images-amazon.com/images/I/413YKCE8psL._SY344_BO1,204,203,200_QL70_.jpg"
432833,B0018LW0SA,https://images-cn-4.ssl-images-amazon.com/images/I/41fg4E-teGL._SY300_QL70_.jpg
433376,B0028K32QE,https://images-cn-4.ssl-images-amazon.com/images/I/41SE4rhBdjL._SY300_QL70_.jpg
435710,B00CK4VIPU,https://images-cn-4.ssl-images-amazon.com/images/I/41pprcSAR6L._SY300_QL70_.jpg
435843,B00D6XTMFC,https://images-cn-4.ssl-images-amazon.com/images/I/41MY3FVBFbL._SX300_QL70_.jpg
435905,B00DGMU4BY,https://images-cn-4.ssl-images-amazon.com/images/I/41fJxFdNIFL._SY300_QL70_.jpg
437230,B001J0083Y,"https://images-cn-4.ssl-images-amazon.com/images/I/5146UDza%2BDL._SY344_BO1,204,203,200_QL70_.jpg"
437778,B003NNVIBQ,https://images-cn-4.ssl-images-amazon.com/images/I/511FnaP7-yL._SY300_QL70_.jpg
437831,B003STDEEY,https://images-cn-4.ssl-images-amazon.com/images/I/410QL8pS4cL._SY300_QL70_.jpg
438137,B004HFQMK6,https://images-cn-4.ssl-images-amazon.com/images/I/31KfAMMdg4L._SY300_QL70_.jpg
438242,B004KJE3OG,https://images-cn-4.ssl-images-amazon.com/images/I/41F1x3mdPsL._SY300_QL70_.jpg
442155,B0011AELCQ,"https://images-cn-4.ssl-images-amazon.com/images/I/517hDTT%2BO7L._SY344_BO1,204,203,200_QL70_.jpg"
442300,B0011BTNSM,"https://images-cn-4.ssl-images-amazon.com/images/I/41kcaeWon7L._SY344_BO1,204,203,200_QL70_.jpg"
442353,B0011BZQRO,"https://images-cn-4.ssl-images-amazon.com/images/I/51Wyy6utXlL._SY344_BO1,204,203,200_QL70_.jpg"
443574,B002C1AUT6,https://images-cn-4.ssl-images-amazon.com/images/I/41eJ7w4M%2BlL._SY300_QL70_.jpg
443787,B002OL1Q4C,https://images-cn-4.ssl-images-amazon.com/images/I/415XuLOUXOL._SY300_QL70_.jpg
444361,B003N64OCS,https://images-cn-4.ssl-images-amazon.com/images/I/51-N0zdMRXL._SY300_QL70_.jpg
444886,B00499BWBO,https://images-cn-4.ssl-images-amazon.com/images/I/31lK1ZfTVYL._SY300_QL70_.jpg
445047,B004SX75A8,https://images-cn-4.ssl-images-amazon.com/images/I/41pQ55DSZqL._SY300_QL70_.jpg
445112,B005097VHQ,"https://images-cn-4.ssl-images-amazon.com/images/I/51lXVYWJKzL._SY344_BO1,204,203,200_QL70_.jpg"
446144,B00COGBNZY,https://images-cn-4.ssl-images-amazon.com/images/I/31TEJetNgML._SY300_QL70_.jpg
447129,B0010LH21I,https://images-cn-4.ssl-images-amazon.com/images/I/41G0nDoA9wL._SY300_QL70_.jpg
448229,B0017H97TK,https://images-cn-4.ssl-images-amazon.com/images/I/41f197vb9iL._SY300_QL70_.jpg
448553,B00358K70M,"https://images-cn-4.ssl-images-amazon.com/images/I/51ckRy4JiZL._SY344_BO1,204,203,200_QL70_.jpg"
448603,B003N64O78,https://images-cn-4.ssl-images-amazon.com/images/I/41dTcA0YjVL._SY300_QL70_.jpg
449909,B007NDJLF2,"https://images-cn-4.ssl-images-amazon.com/images/I/51yLdGFQwwL._SY344_BO1,204,203,200_QL70_.jpg"
450131,B007XZL7PC,https://images-cn-4.ssl-images-amazon.com/images/I/41yP-zBY53L._SX300_QL70_.jpg
450680,B008V3QBJC,"https://images-cn-4.ssl-images-amazon.com/images/I/51mmNFPOfUL._SY344_BO1,204,203,200_QL70_.jpg"
452195,B00E5TR6TK,"https://images-cn-4.ssl-images-amazon.com/images/I/41D552YPMkL._SY344_BO1,204,203,200_QL70_.jpg"
452966,B001LDJEQQ,https://images-cn-4.ssl-images-amazon.com/images/I/41NEHdPZVJL._SX300_QL70_.jpg
453473,B002LEUOS6,"https://images-cn-4.ssl-images-amazon.com/images/I/416KSaLM%2BYL._SY344_BO1,204,203,200_QL70_.jpg"
454268,B003STDEC6,https://images-cn-4.ssl-images-amazon.com/images/I/41COCHzqvaL._SY300_QL70_.jpg
457976,B00116TMWE,"https://images-cn-4.ssl-images-amazon.com/images/I/41d6KLz9MDL._SY344_BO1,204,203,200_QL70_.jpg"
458097,B0011AK6PM,"https://images-cn-4.ssl-images-amazon.com/images/I/51oXOSY4rpL._SY344_BO1,204,203,200_QL70_.jpg"
458993,B0016GJVY8,https://images-cn-4.ssl-images-amazon.com/images/I/51lpVQu%2B3DL._SY300_QL70_.jpg
459600,B00264G2IW,"https://images-cn-4.ssl-images-amazon.com/images/I/61fOjNlt39L._SX258_BO1,204,203,200_QL70_.jpg"
460034,B0036OR3Z2,"https://images-cn-4.ssl-images-amazon.com/images/I/41rXbc86s%2BL._SY344_BO1,204,203,200_QL70_.jpg"
460360,B004323XTQ,https://images-cn-4.ssl-images-amazon.com/images/I/41Ri4BCfTeL._SY300_QL70_.jpg
461938,B00CAE5XXS,https://images-cn-4.ssl-images-amazon.com/images/I/311ClGO6uuL._SY300_QL70_.jpg
463424,B0011C194W,"https://images-cn-4.ssl-images-amazon.com/images/I/51oBNK7xr3L._SX258_BO1,204,203,200_QL70_.jpg"
464219,B003STDEBW,https://images-cn-4.ssl-images-amazon.com/images/I/41K6z%2BSuDyL._SY300_QL70_.jpg
466020,B006W8U2WU,https://images-cn-4.ssl-images-amazon.com/images/I/312ideo1RHL._SY300_QL70_.jpg
466683,B0089VAK2A,https://images-cn-4.ssl-images-amazon.com/images/I/41R3wqq9j0L._SY300_QL70_.jpg
466978,B008TN7LG6,https://images-cn-4.ssl-images-amazon.com/images/I/41pmyPkPfaL._SY300_QL70_.jpg
467716,B00B7U9THC,"https://images-cn-4.ssl-images-amazon.com/images/I/51FkczKCSML._SY344_BO1,204,203,200_QL70_.jpg"
469516,B001IXR5GK,"https://images-cn-4.ssl-images-amazon.com/images/I/51oDRwjsCaL._SX258_BO1,204,203,200_QL70_.jpg"
469706,B001Q9EJHY,"https://images-cn-4.ssl-images-amazon.com/images/I/51ZG%2BIp2urL._SY344_BO1,204,203,200_QL70_.jpg"
470165,B002NEF2D6,"https://images-cn-4.ssl-images-amazon.com/images/I/41lJP1cHbqL._SY344_BO1,204,203,200_QL70_.jpg"
470839,B003SLE38I,"https://images-cn-4.ssl-images-amazon.com/images/I/51wDiU3JacL._SY344_BO1,204,203,200_QL70_.jpg"
470952,B003X0BSQ4,https://images-cn-4.ssl-images-amazon.com/images/I/312q1nsw9PL._SY300_QL70_.jpg
472207,B008S629S4,https://images-cn-4.ssl-images-amazon.com/images/I/312Jk61sz%2BL._SY300_QL70_.jpg
472792,B00E19027W,https://images-cn-4.ssl-images-amazon.com/images/I/41uMvmy2ddL._SY300_QL70_.jpg
473113,B00GLJG7R4,"https://images-cn-4.ssl-images-amazon.com/images/I/51UETWQschL._SY344_BO1,204,203,200_QL70_.jpg"
473380,0141804459,"https://images-cn-4.ssl-images-amazon.com/images/I/51w%2B%2BcenGyL._SX258_BO1,204,203,200_QL70_.jpg"
473843,B00116TQC0,"https://images-cn-4.ssl-images-amazon.com/images/I/51joXn6kCdL._SY344_BO1,204,203,200_QL70_.jpg"
474201,B0011C57ZE,"https://images-cn-4.ssl-images-amazon.com/images/I/51Qk-5K4BTL._SY344_BO1,204,203,200_QL70_.jpg"
474797,B001E47AD6,"https://images-cn-4.ssl-images-amazon.com/images/I/51tr1jbAZyL._SY344_BO1,204,203,200_QL70_.jpg"
474853,B001LK780S,https://images-cn-4.ssl-images-amazon.com/images/I/31fB78eT38L._SY300_QL70_.jpg
480396,B003M5GWUW,https://images-cn-4.ssl-images-amazon.com/images/I/41H%2BC0ESgRL._SY300_QL70_.jpg
480639,B003VM7WBE,https://images-cn-4.ssl-images-amazon.com/images/I/41E1m%2BLhDXL._SY300_QL70_.jpg
480671,B003X0BSPU,https://images-cn-4.ssl-images-amazon.com/images/I/31AkVEK04pL._SY300_QL70_.jpg
485520,B001CC1VV2,https://images-cn-4.ssl-images-amazon.com/images/I/41D-6W8OnXL._SY300_QL70_.jpg
486230,B0032UX2Z0,"https://images-cn-4.ssl-images-amazon.com/images/I/51BgXXH0vlL._SX258_BO1,204,203,200_QL70_.jpg"
487126,B007STGNDO,"https://images-cn-4.ssl-images-amazon.com/images/I/412qSligE2L._SY344_BO1,204,203,200_QL70_.jpg"
487643,B009S2TLEW,https://images-cn-4.ssl-images-amazon.com/images/I/41JgcSDR3gL._SY300_QL70_.jpg
489000,B00HFO7H00,https://images-cn-4.ssl-images-amazon.com/images/I/41hCYBzAzML._SY300_QL70_.jpg
489110,0674049160,"https://images-cn-4.ssl-images-amazon.com/images/I/51eFVqDgjLL._SX258_BO1,204,203,200_QL70_.jpg"
489369,B001168O1O,"https://images-cn-4.ssl-images-amazon.com/images/I/51dPPX1EIdL._SY344_BO1,204,203,200_QL70_.jpg"
489542,B0011C203Q,"https://images-cn-4.ssl-images-amazon.com/images/I/41YCkwcK8TL._SY344_BO1,204,203,200_QL70_.jpg"
492579,B007ZZ9FQ8,"https://images-cn-4.ssl-images-amazon.com/images/I/51ebqcYP-gL._SY344_BO1,204,203,200_QL70_.jpg"
492675,B0084A5GMA,https://images-cn-4.ssl-images-amazon.com/images/I/316FJos21PL._SY300_QL70_.jpg
493410,B00A6MCGU4,https://images-cn-4.ssl-images-amazon.com/images/I/41ldQpAnBSL._SY300_QL70_.jpg
493989,B00CK2U10U,https://images-cn-4.ssl-images-amazon.com/images/I/41BZmg1u7lL._SY300_QL70_.jpg
494800,B0011BYFXA,"https://images-cn-4.ssl-images-amazon.com/images/I/51g7H1okmWL._SY344_BO1,204,203,200_QL70_.jpg"
494817,B0011BZQRY,"https://images-cn-4.ssl-images-amazon.com/images/I/51yXTG5o7lL._SY344_BO1,204,203,200_QL70_.jpg"
495238,B001AM2LBS,"https://images-cn-4.ssl-images-amazon.com/images/I/51t8BfBuwFL._SY344_BO1,204,203,200_QL70_.jpg"
495256,B001AVUDM8,"https://images-cn-4.ssl-images-amazon.com/images/I/51q4QfcltsL._SX258_BO1,204,203,200_QL70_.jpg"
495474,B001GNBOQ4,https://images-cn-4.ssl-images-amazon.com/images/I/41ixbSsXs%2BL._SY300_QL70_.jpg
496884,B003TJ99LK,
496910,B003U6GP2I,https://images-cn-4.ssl-images-amazon.com/images/I/41y1yZZzAYL._SX300_QL70_.jpg
497901,B0060IDE40,"https://images-cn-4.ssl-images-amazon.com/images/I/41VgU1tgxeL._SX258_BO1,204,203,200_QL70_.jpg"
498020,B0077701AI,https://images-cn-4.ssl-images-amazon.com/images/I/5146tXHceoL._SY300_QL70_.jpg
499330,0099511150,"https://images-cn-4.ssl-images-amazon.com/images/I/51PXTPWJWXL._SY344_BO1,204,203,200_QL70_.jpg"
499898,B00116TCX8,"https://images-cn-4.ssl-images-amazon.com/images/I/51tZT18-GsL._SY344_BO1,204,203,200_QL70_.jpg"
500803,B001B1FD36,"https://images-cn-4.ssl-images-amazon.com/images/I/51YAT1f4eaL._SY344_BO1,204,203,200_QL70_.jpg"
501559,B004XKWWEK,https://images-cn-4.ssl-images-amazon.com/images/I/31k9g-C2h-L._SY300_QL70_.jpg
505204,B001AVUDLY,"https://images-cn-4.ssl-images-amazon.com/images/I/51%2BdUNC8jkL._SX258_BO1,204,203,200_QL70_.jpg"
505324,B001GNBOPU,https://images-cn-4.ssl-images-amazon.com/images/I/414eMhR0bDL._SY300_QL70_.jpg
505556,B001XCVEQ8,https://images-cn-4.ssl-images-amazon.com/images/I/51hdpobqULL._SY300_QL70_.jpg
505708,B002COIFS6,"https://images-cn-4.ssl-images-amazon.com/images/I/518ZpQSOz9L._SY344_BO1,204,203,200_QL70_.jpg"
507644,B00515JQYK,"https://images-cn-4.ssl-images-amazon.com/images/I/41n9yJRcBTL._SY344_BO1,204,203,200_QL70_.jpg"
508378,B0067H7UBW,https://images-cn-4.ssl-images-amazon.com/images/I/31oikEzq2QL._SY300_QL70_.jpg
508418,B006BT2NB8,https://images-cn-4.ssl-images-amazon.com/images/I/41e9wrlgIlL._SY300_QL70_.jpg
508447,B006GK1B0G,"https://images-cn-4.ssl-images-amazon.com/images/I/514%2ByTYTgOL._SY344_BO1,204,203,200_QL70_.jpg"
511015,B0011CML4Y,"https://images-cn-4.ssl-images-amazon.com/images/I/51aFUdyCbXL._SY344_BO1,204,203,200_QL70_.jpg"
511582,B001AP51FI,"https://images-cn-4.ssl-images-amazon.com/images/I/51V76Su5HGL._SY344_BO1,204,203,200_QL70_.jpg"
511606,B001BKF3P0,"https://images-cn-4.ssl-images-amazon.com/images/I/41-4ruKnzCL._SY344_BO1,204,203,200_QL70_.jpg"
517319,B0052WLKFU,https://images-cn-4.ssl-images-amazon.com/images/I/31E9aIHlbBL._SY300_QL70_.jpg
517740,B005MM1VGI,"https://images-cn-4.ssl-images-amazon.com/images/I/51cl56NMqNL._SY344_BO1,204,203,200_QL70_.jpg"
518002,B0069JPYMU,"https://images-cn-4.ssl-images-amazon.com/images/I/31PAtUdTyTL._SY344_BO1,204,203,200_QL70_.jpg"
519396,B009GCG886,https://images-cn-4.ssl-images-amazon.com/images/I/31V0q5StP%2BL._SY300_QL70_.jpg
519576,B00AH6OXP0,"https://images-cn-4.ssl-images-amazon.com/images/I/514%2BeSruIHL._SY344_BO1,204,203,200_QL70_.jpg"
520943,B0011BQILW,"https://images-cn-4.ssl-images-amazon.com/images/I/417dsC9NdOL._SY344_BO1,204,203,200_QL70_.jpg"
521614,B001EJNW7E,"https://images-cn-4.ssl-images-amazon.com/images/I/51ndQQa8QEL._SX258_BO1,204,203,200_QL70_.jpg"
521794,B001L8KAEG,"https://images-cn-4.ssl-images-amazon.com/images/I/611N4OOxGUL._SX258_BO1,204,203,200_QL70_.jpg"
